<?xml version="1.0" encoding="UTF-8"?>
<preferences>
 <debug showDebugMenu="0" />
 <systemtable filter="All Interfaces">
  <columns>
   <connections preferredWidth="175" />
   <irq preferredWidth="34" />
  </columns>
 </systemtable>
 <library
   expandedCategories="Library,Library/Interface Protocols,Library/Interface Protocols/Serial,Project,Library/Basic Functions,Library/Processors and Peripherals/Peripherals,Library/Processors and Peripherals" />
 <window width="2350" height="1493" x="210" y="107" />
</preferences>
